9780446310789,446310786,44631078
9780618871711,618871713,61887171
9780375869020,,37586902
9780345472328,,34547232
9780805095159,,80509515
9780143125471,143125478,14312547
9781603290241,,160329024
9780756634681,756634687,75663468
9780743247542,074324754X,74324754
9780872206335,872206335,87220633
9780060850524,,6085052
9780375714573,037571457X,37571457
9780877799306,,87779930
9781933718002,1933718005,193371800
9780394747231,394747232,39474723
9781572245372,1572245379,157224537
9780061120060,,6112006
9780385738767,,38573876
9780393320978,393320979,39332097
9780312626686,,31262668
9780486456423,486456420,48645642
9780894864025,894864025,89486402
9781589016323,,158901632
9780894864025,894864025,89486402
9780375714832,,37571483
9780769615905,769615902,76961590
9780140177374,014017737X,14017737
9781439156810,,143915681
9781423106524,,142310652
9780399252518,,39925251
9780778801313,778801314,77880131
9781582701707,1582701709,158270170
9781452203409,,145220340
,044840124X,44840124
9780137019236,137019238,13701923
9780679732259,067973225X,67973225
9780743296281,743296281,74329628
9780743297332,743297334,74329733
9780316491976,316491977,31649197
9780205796625,,20579662
9780262033848,,26203384
9780824834401,824834402,82483440
9780761157281,,76115728
9780743477550,743477553,74347755
9781111821227,1111821224,111182122
9780321838704,,32183870
9780078038242,,7803824
9781595620279,,159562027
9780452289963,452289963,45228996
9780307157850,307157857,30715785
9780767908184,,76790818
9780801031700,801031702,80103170
9780060786847,60786841,6078684
9780061910241,,6191024
9780394856407,394856406,39485640
9781570623448,1570623449,157062344
9780060628390,,6062839
9780812980554,,81298055
9780060883287,60883286,6088328
9780812980554,,81298055
9780375847530,,37584753
9780439139601,,43913960
,1878424424,187842442
9780385528757,,38552875
9780990351405,990351408,99035140
9780804137386,,80413738
,014303653X,14303653
9780743482745,743482743,74348274
9780470941522,,47094152
9780060538262,60538260,6053826
9781607066019,,160706601
9781575421285,1575421283,157542128
9780307949332,,30794933
9780878939664,,87893966
9780553383713,055338371X,55338371
9780060589462,60589469,6058946
9780440217565,440217563,44021756
9780375852084,,37585208
,1578563232,157856323
,1892005034,189200503
9780878939787,,87893978
9780553380996,553380990,55338099
9781604067453,,160406745
9780073377339,73377333,7337733
9780689824753,689824750,68982475
9780440421856,440421853,44042185
9780073511443,73511447,7351144
9780199291151,199291152,19929115
9780911747393,911747397,91174739
9780321822192,321822196,32182219
9781572229440,1572229446,157222944
9780465028023,465028020,46502802
9780073532240,007353224X,7353224
9780133062120,133062120,13306212
9780142437186,142437182,14243718
9780486499055,486499057,48649905
9780486499055,486499057,48649905
9781572225541,1572225548,157222554
9780061339202,61339202,6133920
9780671449049,671449044,67144904
9780310293262,031029326X,31029326
9781439190272,1439190275,143919027
9780131367739,131367730,13136773
9780132555524,132555522,13255552
9780882848976,882848976,88284897
9781581102246,1581102240,158110224
9780132555524,132555522,13255552
9780073532493,73532495,7353249
9780060512637,60512636,6051263
9780440419396,440419395,44041939
9780071784221,,7178422
9780964883710,964883716,96488371
9781419702235,,141970223
9780060097912,,6009791
9780763660536,763660531,76366053
9780321749000,321749006,32174900
,1580627560,158062756
9780449213445,449213447,44921344
9781586638474,1586638475,158663847
9780141001821,141001828,14100182
9780131421134,131421131,13142113
9780393705096,393705099,39370509
9780316776967,316776963,31677696
9780739002551,739002554,73900255
9780440461265,,44046126
9780842379427,842379428,84237942
9780312424404,031242440X,31242440
9780142000281,142000280,14200028
9780321774347,321774345,32177434
9780399536212,,39953621
9780073403625,73403628,7340362
9780137035090,137035098,13703509
9780312367480,312367481,31236748
9780132176842,,13217684
9780316069885,,31606988
9781452110585,,145211058
9780132814546,132814544,13281454
9780694006243,694006246,69400624
9780716759751,716759756,71675975
9780205093823,205093825,20509382
9781557482648,1557482640,155748264
9780393934243,393934241,39393424
9780205838783,205838782,20583878
9781890572150,1890572152,189057215
9780803625747,,80362574
9781583333006,1583333002,158333300
9781423101499,1423101499,142310149
9780073514208,73514209,7351420
,039474067X,39474067
9780135148433,013514843X,13514843
9780393324815,393324818,39332481
9780321794772,,32179477
9781434767950,,143476795
9780072467505,72467509,7246750
,1881133206,188113320
9780205125623,020512562X,20512562
9780393912838,,39391283
9780143105138,143105132,14310513
9780618777112,618777113,61877711
9781416994152,,141699415
9780073512310,,7351231
9780062067845,62067842,6206784
9780743270755,743270754,74327075
9780800734480,,80073448
9780060929435,006092943X,6092943
9780312424091,312424094,31242409
9781561706129,1561706124,156170612
9780679744399,679744398,67974439
9780345528537,,34552853
9780071446372,71446370,7144637
9780312425074,312425074,31242507
9780132821773,013282177X,13282177
9780060574215,60574216,6057421
9780882846163,882846167,88284616
9780802130310,802130313,80213031
9780064409599,,6440959
9781603420358,,160342035
9780321803115,321803116,32180311
9780805092448,,80509244
9780553446692,055344669X,55344669
9780073054612,73054615,7305461
9780321643728,321643720,32164372
9780321643728,321643720,32164372
9780446538589,,44653858
9780321727510,321727517,32172751
9780375413407,375413405,37541340
9780205733163,205733166,20573316
9780375848209,375848207,37584820
9781454817550,,145481755
9780534465483,053446548X,53446548
9780132627504,132627507,13262750
9780321748997,321748999,32174899
9780446546928,,44654692
9780393912807,,39391280
9780136003809,013600380X,13600380
,014017821X,14017821
9780767922715,767922719,76792271
9780073379203,73379204,7337920
9780140157376,140157379,14015737
9780553256697,553256696,55325669
9780321643728,321643720,32164372
9780393935462,,39393546
9780374525644,374525641,37452564
9781402212215,1402212216,140221221
9780131846197,131846191,13184619
9780761147749,761147748,76114774
,1567184855,156718485
9780324783247,324783248,32478324
9780938256878,938256874,93825687
9780136028321,136028322,13602832
9780786881857,786881852,78688185
9780867095197,867095199,86709519
9780321836991,,32183699
,157322989X,157322989
9780060653200,60653205,6065320
9780060956424,60956429,6095642
9780495915133,,49591513
9780769664804,769664806,76966480
9780205600564,205600565,20560056
9781412995160,,141299516
9780761128687,761128689,76112868
9780073384023,007338402X,7338402
9780073522753,73522759,7352275
9780078035166,,7803516
9780826317971,826317979,82631797
9781416939214,1416939210,141693921
9780060956424,60956429,6095642
9780761312987,761312986,76131298
9781401232597,1401232590,140123259
9780071418584,007141858X,7141858
9780385341004,385341008,38534100
9780374525644,,37452564
978-0714843377,,-7148433
9781118164297,,111816429
9780205696758,,20569675
9780393979503,393979504,39397950
9780136110828,136110827,13611082
9780060590284,60590289,6059028
9780553103748,553103741,55310374
9781452202600,,145220260
9780132807395,,13280739
9780060554736,60554738,6055473
9780205881888,,20588188
9780470579060,,47057906
9780307474728,,30747472
9781118096895,1118096894,111809689
9780929666617,929666615,92966661
9780060831356,60831359,6083135
9780205253548,205253547,20525354
9781569065907,156906590X,156906590
,013294491X,13294491
9780073386447,73386448,7338644
9780452288522,452288525,45228852
9780131367340,013136734X,13136734
9781439851500,,143985150
9780071418584,007141858X,7141858
9781591478058,1591478057,159147805
9781412997973,1412997976,141299797
9780073383958,73383953,7338395
9781412999557,,141299955
9781451111972,,145111197
9781452230023,,145223002
9780078028519,,7802851
9780060516406,60516402,6051640
9780060586133,60586133,6058613
9780205251728,205251722,20525172
9781609133313,,160913331
9780061478789,61478784,6147878
9780596517748,596517742,59651774
9781111138219,1111138214,111113821
9780452287556,452287553,45228755
9780205521067,205521061,20552106
,1592531253,159253125
9781111833411,1111833419,111183341
9780385522274,385522274,38552227
9781416531746,1416531742,141653174
9781589011045,158901104X,158901104
9780451530684,451530683,45153068
9780807749814,,80774981
9781111298371,1111298378,111129837
9781400031047,1400031044,140003104
9780071623360,,7162336
9780802473158,,80247315
9780521513982,,52151398
9780152060305,152060308,15206030
9781400069286,,140006928
9780521513982,,52151398
9781565129757,156512975X,156512975
9780062508348,62508342,6250834
9780553383683,055338368X,55338368
,1559362766,155936276
9780875420288,875420281,87542028
9780073376547,007337654X,7337654
9780875526072,875526071,87552607
9780538478083,053847808X,53847808
9780312440824,312440820,31244082
9780132623896,,13262389
9780399246524,,39924652
9780440245995,440245990,44024599
9780830835546,,83083554
9780195371239,195371232,19537123
9780821571118,821571117,82157111
9780061686078,61686077,6168607
9780395935965,395935962,39593596
9781578514373,1578514371,157851437
9780071799904,71799907,7179990
9780312648084,,31264808
9780078025327,007802532X,7802532
9780486261485,486261484,48626148
9780205794263,205794262,20579426
9780634066511,063406651X,63406651
9780470528068,,47052806
9781451146240,,145114624
9780310243151,310243157,31024315
9780470404874,470404876,47040487
9781429216500,1429246506,142921650
9780132480567,132480565,13248056
9780140445923,140445927,14044592
9780140386332,140386335,14038633
9780515143508,515143502,51514350
9780300172607,,30017260
9780385513517,385513518,38551351
,1879097109,187909710
9780156881807,156881802,15688180
9781593271442,1593271441,159327144
9781581102239,1581102232,158110223
9781594482915,1594482918,159448291
9780195372984,,19537298
9781577311959,1577311957,157731195
9781577665861,1577665864,157766586
9780073534398,73534390,7353439
9780380813810,380813815,38081381
9780922273034,922273030,92227303
9781118169872,,111816987
9780840029102,,84002910
9780132051521,132051524,13205152
9781416610748,141661074X,141661074
9780073190761,73190764,7319076
9780936070469,936070463,93607046
9780345494016,345494016,34549401
9780877796794,877796793,87779679
9780440239123,440239125,44023912
9780137146666,137146663,13714666
9781412927444,,141292744
9780073053042,007305304X,7305304
9780072971200,72971207,7297120
9780205182619,205182615,20518261
9780618690084,618690085,61869008
9780781408233,781408237,78140823
9780316236539,,31623653
9780131424623,131424629,13142462
9780073191591,73191590,7319159
9781583944899,,158394489
,188837540X,188837540
9780609809648,609809644,60980964
9780132014083,132014084,13201408
9780882848242,882848240,88284824
9781416609407,1416609407,141660940
9780495809838,495809837,49580983
9781591473626,1591473624,159147362
9780345410054,034541005X,34541005
9780538476423,538476427,53847642
9780131593183,131593188,13159318
9781603429870,,160342987
9780763762711,,76376271
9781583240038,1583240039,158324003
9780393326420,039332642X,39332642
9780495017585,495017582,49501758
9780838814628,083881462X,83881462
9780132771863,,13277186
9780849793196,084979319X,84979319
9780486444604,486444600,48644460
9780801035777,,80103577
9780131561076,131561073,13156107
9780451210845,451210840,45121084
9780393911503,393911500,39391150
9780060527983,60527986,6052798
9781565843431,1565843436,156584343
9781111349271,1111349274,111134927
9781111830960,1111830967,111183096
9781571103802,1571103805,157110380
9780385349178,385349173,38534917
9780451457813,451457811,45145781
9780205728503,205728502,20572850
9780679893448,067989344X,67989344
9780736083867,736083863,73608386
9780072354676,72354674,7235467
9780321543080,321543084,32154308
9780205747962,,20574796
9780938256908,938256904,93825690
9780470460641,,47046064
9780470910122,,47091012
9780132741378,,13274137
9780321768438,321768434,32176843
9780470924679,,47092467
9780547333229,547333226,54733322
9780071548427,,7154842
9780316604420,316604429,31660442
9781111825164,1111825165,111182516
9780451232816,,45123281
9780936070469,,93607046
9780981519449,,98151944
9780205792726,205792723,20579272
9780312472399,312472390,31247239
9780801031519,801031516,80103151
9780842384933,842384936,84238493
9780486439839,486439836,48643983
9781891830433,,189183043
9780137058297,,13705829
9780571117420,571117422,57111742
9781598633382,1598633384,159863338
9780073519579,007351957X,7351957
9781451673289,1451673280,145167328
9780316789721,316789720,31678972
,1572306394,157230639
9780538733502,538733500,53873350
9780141439655,,14143965
9780765356154,765356155,76535615
9780451530684,451530683,45153068
9780375719677,375719679,37571967
9780815341468,815341466,81534146
9780140154030,140154035,14015403
9780674194243,674194241,67419424
9780553371321,553371320,55337132
9780778802136,778802132,77880213
9780521703147,052170314X,52170314
9781451172287,,145117228
9781416040026,1416040021,141604002
9780812971835,812971833,81297183
9781590204597,159020459X,159020459
9780307978486,,30797848
9780393918632,,39391863
,1883011523,188301152
9781594486661,,159448666
9780495812241,495812242,49581224
9781581348248,158134824X,158134824
9780061929571,,6192957
9780679768111,679768114,67976811
9780937381502,937381500,93738150
,1562925296,156292529
9781891252082,1891252089,189125208
9780671622442,671622447,67162244
9781559538824,1559538821,155953882
9781111425562,1111425566,111142556
9780199913749,,19991374
9780078034886,78034884,7803488
9780393318340,393318346,39331834
9780399158568,399158561,39915856
9780205651719,205651712,20565171
9781599820774,1599820773,159982077
9780679728221,,67972822
9781416928171,1416928170,141692817
9780131390409,131390406,13139040
9781598633382,1598633384,159863338
9780385537858,,38553785
,082221623X,82221623
9780062293039,,6229303
9781439043967,,143904396
9780375855764,,37585576
9780553103540,553103547,55310354
9780393935707,,39393570
9780325012032,325012032,32501203
9781587613456,158761345X,158761345
9780415945684,415945682,41594568
,053495166X,53495166
9780387310732,387310738,38731073
9780132673266,,13267326
9781111832612,,111183261
9780470624159,470624159,47062415
9780470460641,,47046064
9780825434983,,82543498
9780495913399,495913391,49591339
9780137145829,,13714582
9780078097867,007809786X,7809786
9781580174572,1580174574,158017457
9781133104681,1133104681,113310468
9780763619503,763619507,76361950
9780553213393,553213393,55321339
9781118087886,,111808788
9780439020817,439020816,43902081
9781455703357,,145570335
9780205253234,205253237,20525323
9780553609417,553609416,55360941
9780060539511,60539518,6053951
,067975525X,67975525
9780470401415,,47040141
9780520269712,,52026971
9781416066675,1416066675,141606667
9780061665738,61665738,6166573
9781412975179,,141297517
9780495601999,495601993,49560199
9780849339295,849339294,84933929
9780073406831,,7340683
9780029117064,29117062,2911706
9780132545303,,13254530
9780307273604,307273601,30727360
9780538476812,538476818,53847681
9781400034956,1400034957,140003495
9780553212471,,55321247
9781580650632,1580650635,158065063
